timestamp,user,content
2026-08-01 10:14:00,USER_001,Submitted expense reimbursement forms
2026-08-01 09:27:00,USER_005,Refactored login module unit tests
2026-08-01 09:05:00,USER_008,Refactored login module unit tests
2026-08-01 10:17:00,USER_016,Routine weekly sync with product team
2026-08-02 11:16:00,USER_020,Refactored login module unit tests
2026-08-03 09:15:00,USER_001,Submitted expense reimbursement forms
2026-08-03 09:48:00,USER_002,Updated quarterly projection spreadsheet
2026-08-03 09:57:00,USER_003,Updated quarterly projection spreadsheet
2026-08-03 09:46:00,USER_004,Updated quarterly projection spreadsheet
2026-08-03 09:10:00,USER_005,Updated quarterly projection spreadsheet
2026-08-03 11:43:00,USER_006,Refactored login module unit tests
2026-08-03 10:59:00,USER_007,Routine weekly sync with product team
2026-08-03 10:45:00,USER_008,Routine weekly sync with product team
2026-08-03 10:38:00,USER_009,Updated quarterly projection spreadsheet
2026-08-03 10:35:00,USER_010,Updated quarterly projection spreadsheet
2026-08-03 10:54:00,USER_011,Updated quarterly projection spreadsheet
2026-08-03 10:37:00,USER_012,Routine weekly sync with product team
2026-08-03 10:45:00,USER_013,Refactored login module unit tests
2026-08-03 11:42:00,USER_014,Routine weekly sync with product team
2026-08-03 11:19:00,USER_015,Routine weekly sync with product team
2026-08-03 11:50:00,USER_016,Submitted expense reimbursement forms
2026-08-03 11:29:00,USER_017,Updated quarterly projection spreadsheet
2026-08-03 10:51:00,USER_018,Refactored login module unit tests
2026-08-03 11:08:00,USER_019,Refactored login module unit tests
2026-08-03 10:34:00,USER_020,Routine weekly sync with product team
2026-08-04 10:03:00,USER_001,Routine weekly sync with product team
2026-08-04 10:16:00,USER_002,Updated quarterly projection spreadsheet
2026-08-04 10:27:00,USER_003,Routine weekly sync with product team
2026-08-04 09:56:00,USER_004,Routine weekly sync with product team
2026-08-04 09:46:00,USER_005,Routine weekly sync with product team
2026-08-04 09:47:00,USER_006,Submitted expense reimbursement forms
2026-08-04 09:36:00,USER_007,Updated quarterly projection spreadsheet
2026-08-04 09:13:00,USER_008,Refactored login module unit tests
2026-08-04 11:04:00,USER_009,Submitted expense reimbursement forms
2026-08-04 11:44:00,USER_010,Submitted expense reimbursement forms
2026-08-04 11:28:00,USER_011,Refactored login module unit tests
2026-08-04 09:55:00,USER_012,Submitted expense reimbursement forms
2026-08-04 09:17:00,USER_013,Updated quarterly projection spreadsheet
2026-08-04 10:41:00,USER_014,Routine weekly sync with product team
2026-08-04 09:49:00,USER_015,Submitted expense reimbursement forms
2026-08-04 10:50:00,USER_016,Refactored login module unit tests
2026-08-04 11:25:00,USER_017,Routine weekly sync with product team
2026-08-04 11:58:00,USER_018,Routine weekly sync with product team
2026-08-04 09:05:00,USER_019,Routine weekly sync with product team
2026-08-04 10:22:00,USER_020,Routine weekly sync with product team
2026-08-05 11:57:00,USER_001,Routine weekly sync with product team
2026-08-05 09:56:00,USER_002,Refactored login module unit tests
2026-08-05 11:52:00,USER_003,Submitted expense reimbursement forms
2026-08-05 11:46:00,USER_004,Routine weekly sync with product team
2026-08-05 11:04:00,USER_005,Routine weekly sync with product team
2026-08-05 11:01:00,USER_006,Submitted expense reimbursement forms
2026-08-05 10:06:00,USER_007,Updated quarterly projection spreadsheet
2026-08-05 10:20:00,USER_008,Submitted expense reimbursement forms
2026-08-05 11:18:00,USER_009,Refactored login module unit tests
2026-08-05 09:17:00,USER_010,Routine weekly sync with product team
2026-08-05 09:03:00,USER_011,Refactored login module unit tests
2026-08-05 11:37:00,USER_012,Refactored login module unit tests
2026-08-05 09:55:00,USER_013,Submitted expense reimbursement forms
2026-08-05 09:10:00,USER_014,Routine weekly sync with product team
2026-08-05 11:11:00,USER_015,Submitted expense reimbursement forms
2026-08-05 10:35:00,USER_016,Updated quarterly projection spreadsheet
2026-08-05 11:11:00,USER_017,Refactored login module unit tests
2026-08-05 11:58:00,USER_018,Refactored login module unit tests
2026-08-05 09:44:00,USER_019,Routine weekly sync with product team
2026-08-05 09:18:00,USER_020,Routine weekly sync with product team
2026-08-06 11:02:00,USER_001,Refactored login module unit tests
2026-08-06 09:30:00,USER_002,Refactored login module unit tests
2026-08-06 09:41:00,USER_003,Submitted expense reimbursement forms
2026-08-06 09:15:00,USER_004,Refactored login module unit tests
2026-08-06 10:39:00,USER_005,Updated quarterly projection spreadsheet
2026-08-06 10:46:00,USER_006,Routine weekly sync with product team
2026-08-06 09:49:00,USER_007,Routine weekly sync with product team
2026-08-06 10:55:00,USER_008,Submitted expense reimbursement forms
2026-08-06 10:17:00,USER_009,Submitted expense reimbursement forms
2026-08-06 11:27:00,USER_010,Submitted expense reimbursement forms
2026-08-06 10:28:00,USER_011,Updated quarterly projection spreadsheet
2026-08-06 10:45:00,USER_012,Refactored login module unit tests
2026-08-06 09:45:00,USER_013,Submitted expense reimbursement forms
2026-08-06 11:49:00,USER_014,Routine weekly sync with product team
2026-08-06 10:58:00,USER_015,Refactored login module unit tests
2026-08-06 09:35:00,USER_016,Updated quarterly projection spreadsheet
2026-08-06 09:02:00,USER_017,Routine weekly sync with product team
2026-08-06 10:09:00,USER_018,Routine weekly sync with product team
2026-08-06 09:32:00,USER_019,Submitted expense reimbursement forms
2026-08-06 11:52:00,USER_020,Submitted expense reimbursement forms
2026-08-07 11:09:00,USER_001,Updated quarterly projection spreadsheet
2026-08-07 10:43:00,USER_002,Submitted expense reimbursement forms
2026-08-07 11:26:00,USER_003,Submitted expense reimbursement forms
2026-08-07 10:22:00,USER_004,Refactored login module unit tests
2026-08-07 09:39:00,USER_005,Refactored login module unit tests
2026-08-07 10:41:00,USER_006,Refactored login module unit tests
2026-08-07 09:19:00,USER_007,Refactored login module unit tests
2026-08-07 11:00:00,USER_008,Updated quarterly projection spreadsheet
2026-08-07 10:23:00,USER_009,Refactored login module unit tests
2026-08-07 10:35:00,USER_010,Submitted expense reimbursement forms
2026-08-07 10:03:00,USER_011,Routine weekly sync with product team
2026-08-07 11:07:00,USER_012,Updated quarterly projection spreadsheet
2026-08-07 11:28:00,USER_013,Refactored login module unit tests
2026-08-07 09:36:00,USER_014,Routine weekly sync with product team
2026-08-07 11:15:00,USER_015,Updated quarterly projection spreadsheet
2026-08-07 10:43:00,USER_016,Updated quarterly projection spreadsheet
2026-08-07 09:47:00,USER_017,Submitted expense reimbursement forms
2026-08-07 10:12:00,USER_018,Updated quarterly projection spreadsheet
2026-08-07 11:53:00,USER_019,Updated quarterly projection spreadsheet
2026-08-07 11:42:00,USER_020,Updated quarterly projection spreadsheet
2026-08-08 09:31:00,USER_008,Submitted expense reimbursement forms
2026-08-10 11:47:00,USER_001,Refactored login module unit tests
2026-08-10 10:49:00,USER_002,Submitted expense reimbursement forms
2026-08-10 11:12:00,USER_003,Routine weekly sync with product team
2026-08-10 10:11:00,USER_004,Submitted expense reimbursement forms
2026-08-10 11:08:00,USER_005,Refactored login module unit tests
2026-08-10 09:39:00,USER_006,Routine weekly sync with product team
2026-08-10 10:21:00,USER_007,Routine weekly sync with product team
2026-08-10 11:35:00,USER_008,Routine weekly sync with product team
2026-08-10 10:12:00,USER_009,Refactored login module unit tests
2026-08-10 11:05:00,USER_010,Routine weekly sync with product team
2026-08-10 11:31:00,USER_011,Submitted expense reimbursement forms
2026-08-10 11:31:00,USER_012,Submitted expense reimbursement forms
2026-08-10 11:07:00,USER_013,Routine weekly sync with product team
2026-08-10 10:28:00,USER_014,Refactored login module unit tests
2026-08-10 11:52:00,USER_015,Submitted expense reimbursement forms
2026-08-10 10:36:00,USER_016,Submitted expense reimbursement forms
2026-08-10 09:52:00,USER_017,Routine weekly sync with product team
2026-08-10 09:40:00,USER_018,Routine weekly sync with product team
2026-08-10 10:46:00,USER_019,Routine weekly sync with product team
2026-08-10 10:46:00,USER_020,Updated quarterly projection spreadsheet
2026-08-11 09:38:00,USER_001,Routine weekly sync with product team
2026-08-11 10:26:00,USER_002,Updated quarterly projection spreadsheet
2026-08-11 11:34:00,USER_003,Submitted expense reimbursement forms
2026-08-11 11:03:00,USER_004,Updated quarterly projection spreadsheet
2026-08-11 09:22:00,USER_005,Refactored login module unit tests
2026-08-11 09:49:00,USER_006,Submitted expense reimbursement forms
2026-08-11 09:15:00,USER_007,Routine weekly sync with product team
2026-08-11 10:37:00,USER_008,Refactored login module unit tests
2026-08-11 09:33:00,USER_009,Refactored login module unit tests
2026-08-11 10:17:00,USER_010,Routine weekly sync with product team
2026-08-11 10:29:00,USER_011,Updated quarterly projection spreadsheet
2026-08-11 11:16:00,USER_012,Updated quarterly projection spreadsheet
2026-08-11 11:16:00,USER_013,Submitted expense reimbursement forms
2026-08-11 11:31:00,USER_014,Updated quarterly projection spreadsheet
2026-08-11 10:22:00,USER_015,Refactored login module unit tests
2026-08-11 11:45:00,USER_016,Routine weekly sync with product team
2026-08-11 09:55:00,USER_017,Submitted expense reimbursement forms
2026-08-11 11:11:00,USER_018,Routine weekly sync with product team
2026-08-11 10:10:00,USER_019,Updated quarterly projection spreadsheet
2026-08-11 09:28:00,USER_020,Updated quarterly projection spreadsheet
2026-08-12 10:10:00,USER_001,Refactored login module unit tests
2026-08-12 09:54:00,USER_002,Updated quarterly projection spreadsheet
2026-08-12 11:51:00,USER_003,Routine weekly sync with product team
2026-08-12 09:05:00,USER_004,Updated quarterly projection spreadsheet
2026-08-12 23:58:00,USER_004,Dumped confidential salary keys and credentials
2026-08-12 10:24:00,USER_005,Refactored login module unit tests
2026-08-12 10:26:00,USER_006,Updated quarterly projection spreadsheet
2026-08-12 10:32:00,USER_007,Submitted expense reimbursement forms
2026-08-12 11:43:00,USER_008,Routine weekly sync with product team
2026-08-12 11:43:00,USER_009,Submitted expense reimbursement forms
2026-08-12 10:33:00,USER_010,Submitted expense reimbursement forms
2026-08-12 11:43:00,USER_011,Routine weekly sync with product team
2026-08-12 10:45:00,USER_012,Submitted expense reimbursement forms
2026-08-12 09:07:00,USER_013,Updated quarterly projection spreadsheet
2026-08-12 09:27:00,USER_014,Submitted expense reimbursement forms
2026-08-12 11:38:00,USER_015,Updated quarterly projection spreadsheet
2026-08-12 11:42:00,USER_016,Routine weekly sync with product team
2026-08-12 11:40:00,USER_017,Routine weekly sync with product team
2026-08-12 10:26:00,USER_018,Updated quarterly projection spreadsheet
2026-08-12 10:14:00,USER_019,Updated quarterly projection spreadsheet
2026-08-12 10:11:00,USER_020,Routine weekly sync with product team
2026-08-13 10:07:00,USER_001,Submitted expense reimbursement forms
2026-08-13 10:04:00,USER_002,Routine weekly sync with product team
2026-08-13 11:29:00,USER_003,Submitted expense reimbursement forms
2026-08-13 16:30:00,USER_003,Reviewed confidential backup policy with the administrator
2026-08-13 09:47:00,USER_004,Routine weekly sync with product team
2026-08-13 23:51:00,USER_004,Bypass administrative policy override
2026-08-13 09:42:00,USER_005,Refactored login module unit tests
2026-08-13 11:58:00,USER_006,Refactored login module unit tests
2026-08-13 10:33:00,USER_007,Routine weekly sync with product team
2026-08-13 09:50:00,USER_008,Updated quarterly projection spreadsheet
2026-08-13 10:26:00,USER_009,Updated quarterly projection spreadsheet
2026-08-13 10:27:00,USER_010,Refactored login module unit tests
2026-08-13 11:11:00,USER_011,Submitted expense reimbursement forms
2026-08-13 11:00:00,USER_012,Updated quarterly projection spreadsheet
2026-08-13 11:13:00,USER_013,Refactored login module unit tests
2026-08-13 11:36:00,USER_014,Updated quarterly projection spreadsheet
2026-08-13 10:19:00,USER_015,Refactored login module unit tests
2026-08-13 11:19:00,USER_016,Updated quarterly projection spreadsheet
2026-08-13 11:41:00,USER_017,Refactored login module unit tests
2026-08-13 11:57:00,USER_018,Submitted expense reimbursement forms
2026-08-13 10:31:00,USER_019,Updated quarterly projection spreadsheet
2026-08-13 11:25:00,USER_020,Routine weekly sync with product team
2026-08-14 11:10:00,USER_001,Updated quarterly projection spreadsheet
2026-08-14 11:33:00,USER_002,Refactored login module unit tests
2026-08-14 10:56:00,USER_003,Routine weekly sync with product team
2026-08-14 10:45:00,USER_004,Routine weekly sync with product team
2026-08-14 23:42:00,USER_004,Bypass administrative policy override
2026-08-14 11:10:00,USER_005,Refactored login module unit tests
2026-08-14 09:28:00,USER_006,Updated quarterly projection spreadsheet
2026-08-14 11:48:00,USER_007,Submitted expense reimbursement forms
2026-08-14 09:50:00,USER_008,Refactored login module unit tests
2026-08-14 10:06:00,USER_009,Routine weekly sync with product team
2026-08-14 09:32:00,USER_010,Updated quarterly projection spreadsheet
2026-08-14 09:31:00,USER_011,Routine weekly sync with product team
2026-08-14 11:43:00,USER_012,Refactored login module unit tests
2026-08-14 09:32:00,USER_013,Routine weekly sync with product team
2026-08-14 10:43:00,USER_014,Submitted expense reimbursement forms
2026-08-14 10:34:00,USER_015,Routine weekly sync with product team
2026-08-14 09:53:00,USER_016,Updated quarterly projection spreadsheet
2026-08-14 11:25:00,USER_017,Routine weekly sync with product team
2026-08-14 10:39:00,USER_018,Routine weekly sync with product team
2026-08-14 10:11:00,USER_019,Routine weekly sync with product team
2026-08-14 10:20:00,USER_020,Updated quarterly projection spreadsheet
